_1;_r;_RAJ2000;_DEJ2000;RA_ICRS;e_RA_ICRS;DE_ICRS;e_DE_ICRS;Plx;e_Plx;Gmag;e_Gmag;BPmag;e_BPmag;RPmag;e_RPmag
HIP 544					;6.503;001.6532670456453;+29.0215028919380;001.65513854048; 0.0368;+29.02073835347; 0.0237;   72.5764; 0.0498; 5.8609;0.0006; 6.2656;0.0025; 5.3539;0.0026

HIP 813                 ;0.496;002.5091776859230;+11.1458127549984;002.50931730919; 0.1615;+11.14582713377; 0.1528;   10.7127; 0.1985; 5.5210;0.0013; 5.5051;0.0017; 5.6055;0.0021

HIP 1427                ;3.446;004.4582584569017;+16.3310134637344;004.45924818992; 0.0509;+16.33089371415; 0.0557;   21.2410; 0.0600; 7.0840;0.0003; 7.3521;0.0017; 6.7159;0.0018

HIP 2415                ;0.470;007.6964629194776;+16.0376106310517;007.69632724693; 0.0468;+16.03760392510; 0.0434;    9.2133; 0.0612; 6.8066;0.0003; 6.8815;0.0009; 6.7223;0.0010

HIP 2496                ;0.350;007.9197951803325;-01.7936659975499;007.91987373954; 0.0550;-01.79372353380; 0.0453;    8.8526; 0.0603; 7.0407;0.0004; 7.0922;0.0010; 6.9980;0.0008

HIP 3965                ;2.146;012.7391466664367;+51.5080341753311;012.74010425342; 0.0459;+51.50803547011; 0.0418;   14.6366; 0.0715; 6.3081;0.0003; 6.4686;0.0009; 6.0816;0.0013

HIP 4067                ;0.665;013.0390137433119;+06.8030128078568;013.03917551533; 0.0873;+06.80292162989; 0.0424;   30.0878; 0.1027;11.0787;0.0009;12.0430;0.0020;10.1361;0.0011

HIP 4366                ;0.350;013.9937905162303;+27.2093809655706;013.99369697209; 0.0509;+27.20943104589; 0.0514;   12.7853; 0.0626; 6.0519;0.0007; 6.1352;0.0021; 5.9628;0.0037

HIP 4630                ;0.593;014.8592942859615;+40.1551264835649;014.85946734495; 0.0448;+40.15502818349; 0.0349;    8.6313; 0.0558; 7.5041;0.0003; 7.5930;0.0005; 7.3873;0.0013

HIP 5227                ;1.390;016.7042788281051;-22.8558963504719;016.70410059167; 0.0500;-22.85624590316; 0.0309;   10.4996; 0.0600; 7.4648;0.0008; 7.9765;0.0028; 6.8312;0.0034

HIP 5373                ;1.201;017.1904811380853;-25.8611255385441;017.19081957267; 0.0706;-25.86098909535; 0.0398;   27.9962; 0.0674; 8.3993;0.0007; 8.8405;0.0018; 7.8339;0.0018

HIP 5626                ;1.468;018.0700722854841;+79.6739640133134;018.07234418280; 0.0996;+79.67394244810; 0.0810;   12.3915; 0.0952; 5.5735;0.0012; 5.6057;0.0017; 5.5672;0.0025

HIP 5631                ;1.564;018.0797911167208;+12.2818209145264;018.07941048004; 0.0782;+12.28159611923; 0.0518;   28.4095; 0.1091; 6.7534;0.0005; 7.0284;0.0021; 6.3729;0.0032

HIP 6679                ;0.575;021.4194363613974;+02.9720547533391;021.41958669419; 0.0456;+02.97200039308; 0.0355;   20.0539; 0.0545; 6.8664;0.0003; 7.1129;0.0030; 6.5324;0.0030

HIP 7051                ;0.280;022.7212685120786;+34.1739044491027;022.72135587777; 0.0478;+34.17387562203; 0.0389;    7.6173; 0.0521; 8.2074;0.0005; 8.3487;0.0015; 8.0016;0.0025

HIP 8109                ;0.713;026.0586341703814;+54.8864224539878;026.05829062631; 0.0303;+54.88640931144; 0.0283;   20.8749; 0.0370; 7.1190;0.0002; 7.4412;0.0012; 6.6843;0.0017

HIP 8122                ;1.431;026.0950416075995;+32.5158780146545;026.09536362159; 0.0601;+32.51558759235; 0.0367;   14.5573; 0.0701; 6.6772;0.0004; 6.8128;0.0017; 6.4977;0.0087

HIP 8691				;12.151;027.9528612330541;-10.8034687411031;027.95535400510; 0.0505;-10.80579204866; 0.0348;   58.1554; 0.0521;10.8570;0.0013;12.0642;0.0018; 9.7934;0.0013

HIP 11152               ;2.324;035.8610257135832;+22.7352115838295;035.86148744131; 0.0553;+22.73472627785; 0.0471;   36.7744; 0.0609;10.4301;0.0013;11.4306;0.0028; 9.4736;0.0022

HIP 11191               ;0.373;036.0395207063138;-07.4056018082487;036.03948741777; 0.0642;-07.40569995330; 0.0480;   14.7145; 0.0728; 7.9411;0.0006; 8.2052;0.0018; 7.5659;0.0023

HIP 11486               ;1.349;037.0415806030894;+29.6693275892960;037.04150536787; 0.1294;+29.66895859360; 0.1338;   20.0271; 0.1528; 5.1942;0.0024; 5.3853;0.0019; 4.9927;0.0068

HIP 12489               ;1.096;040.1711422124274;+27.0609495733286;040.17145550735; 0.1481;+27.06082759456; 0.1504;   13.1318; 0.1904; 5.2549;0.0028; 5.3399;0.0049; 5.2210;0.0112

HIP 12635               ;2.096;040.5872912413851;+38.6225424407286;040.58774591773; 0.0729;+38.62208110401; 0.0435;   20.2714; 0.0740; 9.9194;0.0020;10.4687;0.0055; 9.2469;0.0038

HIP 13209               ;2.088;042.4959754690552;+27.2605144426185;042.49629807071; 0.5128;+27.26000485764; 0.4820;   21.1624; 0.5617; 3.5500;0.0050; 3.6964;0.0148; 3.6727;0.0064

HIP 13631               ;4.943;043.8845961727678;+18.7737966858986;043.88588612187; 0.0512;+18.77316932303; 0.0298;   17.5306; 0.0516; 9.5377;0.0005; 9.9704;0.0010; 8.9771;0.0015

HIP 13682               ;0.129;044.0585502933011;+04.0484326618820;044.05856254363; 0.0626;+04.04839892947; 0.0514;    5.7213; 0.0735; 7.6903;0.0006; 7.7177;0.0031; 7.6955;0.0024

HIP 14807               ;1.904;047.8013378596098;+22.4229364520579;047.80164094436; 0.4503;+22.42248796238; 0.4185;   17.7798; 0.4939;10.1898;0.0014;10.8825;0.0036; 9.4155;0.0041

HIP 14809               ;2.123;047.8076752207219;+22.4158642314406;047.80793441791; 0.0425;+22.41532552362; 0.0288;   19.7241; 0.0433; 8.3326;0.0012; 8.6786;0.0040; 7.8605;0.0041

HIP 15902               ;1.011;051.2040647869214;+28.6525445675458;051.20420809242; 0.0839;+28.65229354507; 0.0528;    9.5913; 0.0886; 7.0965;0.0005; 7.1693;0.0011; 7.0023;0.0066

HIP 16042               ;1.735;051.6474017039282;+28.7150586391541;051.64762908756; 0.2157;+28.71461990962; 0.1572;   19.8129; 0.2281; 6.3289;0.0095; 6.8433;0.0287; 5.6505;0.0293

HIP 16095               ;0.193;051.8278165219809;+12.7352854103773;051.82785860767; 0.1070;+12.73525110994; 0.0889;    9.6464; 0.1285; 6.2748;0.0006; 6.2824;0.0033; 6.3153;0.0020

HIP 16563               ;2.919;053.3062099404122;+46.2573734962687;053.30663848175; 0.0402;+46.25661869569; 0.0290;   27.4581; 0.0548; 7.9753;0.0021; 8.3875;0.0072; 7.4531;0.0049

HIP 16709               ;4.139;053.7485127063952;+34.6110015488419;053.74957070535; 0.2985;+34.61025077173; 0.1755;   22.1293; 0.3249;10.2970;0.0005;11.1329;0.0011; 9.4269;0.0009

HIP 17338               ;0.396;055.6658501845580;-20.5454524321218;055.66586835533; 0.0291;-20.54534365518; 0.0245;   17.6067; 0.0410; 8.9317;0.0023; 9.3548;0.0077; 8.3730;0.0060

HIP 17395               ;0.315;055.8909727336615;-10.4856557658474;055.89094131647; 0.0946;-10.48573768437; 0.0736;   23.9171; 0.1231; 5.5372;0.0017; 5.6719;0.0021; 5.3765;0.0035

HIP 17921               ;0.769;057.4794448653010;+22.2441530485787;057.47955427088; 0.1631;+22.24396484697; 0.0817;    6.9224; 0.1829; 6.0247;0.0004; 6.0420;0.0014; 6.0213;0.0016

HIP 18481               ;1.179;059.2571584573414;+06.0399692359635;059.25731785718; 0.0543;+06.03968263725; 0.0326;   12.8783; 0.0651; 6.0655;0.0005; 6.1087;0.0022; 6.0344;0.0028

HIP 19215               ;0.575;061.7823230518231;+38.4542486211155;061.78243988508; 0.0370;+38.45411781072; 0.0174;    6.2504; 0.0436; 8.9205;0.0007; 9.1120;0.0026; 8.6275;0.0019

HIP 19793               ;2.003;063.6346432161142;+23.5749438938167;063.63520669481; 0.0482;+23.57473657707; 0.0251;   21.8282; 0.0508; 7.8825;0.0004; 8.2327;0.0012; 7.4113;0.0010

HIP 20160               ;0.427;064.8159762395987;+29.1074804046689;064.81601875456; 0.0542;+29.10736769915; 0.0267;    7.7474; 0.0578;11.4440;0.0046;12.2152;0.0182;10.5627;0.0110

HIP 20171               ;0.813;064.8587385554383;+21.1423086106388;064.85887279633; 0.1325;+21.14212062970; 0.0837;   11.5993; 0.1390; 5.4695;0.0012; 5.4473;0.0011; 5.5476;0.0021

HIP 20626               ;0.980;066.2951040148834;+25.7491813997280;066.29538291741; 0.0499;+25.74907688140; 0.0262;   15.4678; 0.0496; 7.7346;0.0002; 7.9866;0.0006; 7.3671;0.0007

HIP 20693               ;1.490;066.4889100233522;+05.1501454019107;066.48932506984; 0.0652;+05.15016513000; 0.0384;   20.9088; 0.0722; 7.2080;0.0003; 7.4909;0.0019; 6.8168;0.0029

HIP 20737               ;1.362;066.6608373088322;-28.9520189401214;066.66103090007; 0.0190;-28.95235737850; 0.0244;   28.0547; 0.0309; 8.5192;0.0008; 8.9814;0.0033; 7.9420;0.0024

HIP 20901               ;1.628;067.2090158449306;+13.0476042787042;067.20947489648; 0.1431;+13.04753787299; 0.0867;   20.5887; 0.1614; 4.9512;0.0014; 5.0910;0.0010; 4.8154;0.0026

HIP 21091               ;0.640;067.7961349965727;+11.2443908576910;067.79631609223; 0.0399;+11.24440033271; 0.0185;   16.8613; 0.0433; 8.5653;0.0004; 8.9054;0.0013; 8.0936;0.0008

HIP 21238               ;1.003;068.3400345909375;+43.0319216596925;068.34017726402; 0.0542;+43.03166318082; 0.0444;   13.4473; 0.0651; 6.7560;0.0004; 6.8695;0.0011; 6.6070;0.0009

HIP 21586               ;4.743;069.5326536756725;+51.1701414297148;069.53381842580; 0.1969;+51.16904489653; 0.1155;   12.2462; 0.2191;10.1575;0.0003;10.6095;0.0010; 9.5689;0.0007

HIP 22394               ;1.550;072.3041083033345;+24.8028410398870;072.30450995577; 0.0458;+24.80261227724; 0.0278;   20.1355; 0.0546; 9.2268;0.0012; 9.8204;0.0040; 8.5146;0.0030

HIP 23088               ;0.834;074.5391348060901;+25.0504081901389;074.53925286600; 0.1030;+25.05020276026; 0.0744;    9.9657; 0.1208; 5.7711;0.0007; 5.7888;0.0013; 5.7819;0.0017

HIP 23155               ;2.542;074.7237396229802;+10.5546982918183;074.72399093594; 0.0417;+10.55403667843; 0.0284;   17.8282; 0.0448;10.5595;0.0004;11.1797;0.0012; 9.8355;0.0007

HIP 23585               ;1.020;076.0674566220169;+45.7793526619103;076.06757568487; 0.0523;+45.77908181550; 0.0437;   15.2192; 0.0540; 6.4660;0.0004; 6.5890;0.0015; 6.3026;0.0023

HIP 24528               ;0.241;078.9329192682799;-22.8943569961295;078.93285278501; 0.0205;-22.89433017348; 0.0277;   12.1885; 0.0374; 6.7274;0.0003; 6.8139;0.0010; 6.6258;0.0017

HIP 25197               ;0.877;080.8660081056048;+57.5443990020771;080.86613162623; 0.1158;+57.54416457645; 0.0978;    9.3655; 0.1506; 5.1951;0.0016; 5.2326;0.0017; 5.2029;0.0059

HIP 25453               ;0.523;081.6617905949255;+06.8686588985362;081.66183034743; 0.0501;+06.86851911695; 0.0456;    9.8199; 0.0540; 6.3917;0.0005; 6.4018;0.0020; 6.4304;0.0036

HIP 25517               ;0.543;081.8533633775442;-26.5849933827976;081.85340648575; 0.0209;-26.58513912727; 0.0263;   11.9680; 0.0310; 7.1770;0.0003; 7.3155;0.0018; 6.9937;0.0018

HIP 26563               ;0.821;084.7211805173830;-07.2128240901792;084.72111297792; 0.2251;-07.21304200657; 0.2124;   23.1346; 0.2801; 4.6935;0.0040; 4.8266;0.0020; 4.6394;0.0044

HIP 26625               ;0.735;084.8856405079958;+12.0038775201985;084.88572512796; 0.0502;+12.00369082651; 0.0459;   11.1636; 0.0570; 7.6903;0.0004; 7.8938;0.0017; 7.3985;0.0023

HIP 27069               ;0.423;086.1060838709566;-05.4647553308908;086.10614732131; 0.0411;-05.46485451398; 0.0524;   11.4532; 0.0606; 7.8756;0.0004; 8.0986;0.0022; 7.5594;0.0023

HIP 27713               ;0.495;088.0322047218476;-09.0419001258972;088.03219288993; 0.0551;-09.04176303894; 0.0588;   10.3610; 0.0817; 5.9294;0.0007; 5.9931;0.0013; 5.8467;0.0011

HIP 28224               ;0.615;089.4528371246583;+02.0655744339264;089.45275949321; 0.0369;+02.06572670687; 0.0385;   10.9954; 0.0420; 7.7454;0.0004; 7.9683;0.0024; 7.4328;0.0027

HIP 29510               ;0.569;093.2525463226860;+27.4318169411134;093.25258614491; 0.0500;+27.43166291870; 0.0480;    7.3924; 0.0616; 8.2918;0.0004; 8.4938;0.0016; 7.9925;0.0013

HIP 29606               ;0.629;093.5849840474083;+39.6729531874463;093.58499832865; 0.0539;+39.67277869048; 0.0568;    7.6266; 0.0773; 7.6591;0.0006; 7.7429;0.0014; 7.5503;0.0025

HIP 30088               ;0.184;094.9890295604382;-13.9930138194159;094.98898263440; 0.0197;-13.99299042356; 0.0252;    7.3410; 0.0368; 6.6520;0.0003; 6.6598;0.0007; 6.6863;0.0011

HIP 31173               ;0.488;098.1132685614226;+32.4548980642105;098.11313458726; 0.0828;+32.45482322164; 0.0794;   10.9979; 0.0829; 5.8021;0.0028; 5.8912;0.0074; 5.7788;0.0316

HIP 31552               ;3.605;099.0630528656072;+58.1067828945250;099.06405323915; 0.0318;+58.10593222113; 0.0331;   28.0563; 0.0486; 6.4759;0.0003; 6.7472;0.0016; 6.0989;0.0010

HIP 33227               ;1.028;103.7107182340047;+03.2373538187609;103.71064747695; 0.0458;+03.23707724953; 0.0458;   11.9076; 0.0491; 7.5898;0.0003; 7.7849;0.0022; 7.3061;0.0030

HIP 35198               ;1.972;109.1055530969669;+35.0173896855194;109.10488990755; 0.0403;+35.01746061157; 0.0353;   27.3696; 0.0460; 8.3041;0.0006; 8.7140;0.0013; 7.7781;0.0023

HIP 36188               ;0.995;111.7877073014801;+08.2893024709782;111.78744896060; 0.9327;+08.28915173564; 0.8730;   20.3535; 1.2220; 7.4529;0.2511;       ;      ;       ;

HIP 38403               ;0.873;118.0161041397780;+45.9329890269105;118.01589882937; 0.0415;+45.93279302969; 0.0328;    8.7915; 0.0490; 6.4601;0.0004; 6.5759;0.0016; 6.3096;0.0032

HIP 38538               ;0.743;118.3742358649567;+26.7657911065190;118.37406739567; 0.3296;+26.76564960412; 0.2731;   13.1029; 0.5319; 4.8978;0.0023; 5.0096;0.0018; 4.8311;0.0089

HIP 39535               ;0.488;121.1887640457002;+18.8420214512787;121.18865348064; 0.0588;+18.84193540685; 0.0406;    8.1567; 0.0643; 6.1881;0.0005; 6.1876;0.0020; 6.2356;0.0020

HIP 41319               ;3.792;126.4578235914778;+17.0462704644085;126.45695920090; 0.0542;+17.04561732775; 0.0299;   21.7938; 0.0562; 5.9843;0.0004; 6.2358;0.0012; 5.6339;0.0008

HIP 41967               ;0.706;128.3140799875819;-29.9565885905098;128.31387174604; 0.0259;-29.95651144903; 0.0291;   22.0091; 0.0413; 8.1077;0.0005; 8.4584;0.0014; 7.6333;0.0012

HIP 42090               ;0.752;128.6828536865828;+36.4196209186525;128.68271394772; 0.0789;+36.41944482165; 0.0522;    9.9953; 0.1083; 5.7307;0.0006; 5.7707;0.0013; 5.6893;0.0019

HIP 42197               ;0.198;129.0648575713869;+42.5798633455717;129.06492049896; 0.0393;+42.57983395225; 0.0330;   12.6964; 0.0502; 6.9316;0.0003; 7.0473;0.0016; 6.7832;0.0024

HIP 42353               ;0.610;129.5215467091336;+09.5746124689678;129.52138128373; 0.0538;+09.57456613844; 0.0384;    7.9498; 0.0593; 6.5159;0.0003; 6.5282;0.0010; 6.5420;0.0013

HIP 43701               ;0.831;133.5020945814480;+20.2303970594878;133.50184964431; 0.0519;+20.23037665723; 0.0305;   11.7461; 0.0635; 8.4707;0.0003; 8.7319;0.0010; 8.0902;0.0012

HIP 43932               ;1.318;134.2358238202581;+32.9104290768334;134.23555164790; 0.0999;+32.91014296351; 0.0749;   16.9564; 0.1409; 5.3988;0.0011; 5.5014;0.0011; 5.2869;0.0035

HIP 43970               ;0.984;134.3122921554062;+15.3227694443928;134.31256151262; 0.1424;+15.32285447218; 0.1201;   20.6606; 0.1770; 5.1770;0.0020; 5.2805;0.0016; 5.0903;0.0042

HIP 44272               ;0.876;135.2297306748817;+09.0511823868482;135.22959344120; 0.0388;+09.05098031927; 0.0313;   10.9765; 0.0477; 8.9151;0.0005; 9.2031;0.0016; 8.5019;0.0016

HIP 44526               ;1.739;136.0862254066460;-15.9142494694462;136.08574264305; 0.0461;-15.91438266511; 0.0355;   36.5200; 0.0517; 8.4522;0.0008; 8.9935;0.0034; 7.7964;0.0034

HIP 45167               ;0.790;138.0536689355330;+03.8669795530651;138.05345002200; 0.1167;+03.86695821729; 0.1214;    8.6396; 0.1349; 6.1224;0.0009; 6.1422;0.0044; 6.1384;0.0031

HIP 45497               ;0.763;139.0573958148953;+48.9530539314871;139.05731191365; 0.0281;+48.95284934353; 0.0258;   10.0069; 0.0428; 7.6774;0.0002; 8.1335;0.0012; 7.1030;0.0016

HIP 45950               ;2.077;140.5738161069931;+06.2975975390357;140.57323626887; 0.0525;+06.29762228276; 0.0424;   13.9076; 0.0612; 8.3624;0.0005; 8.6592;0.0012; 7.9520;0.0018

HIP 46843               ;4.454;143.1823309798207;+26.9885300515710;143.18161954334; 0.0421;+26.98746766093; 0.0402;   55.3165; 0.0595; 6.8312;0.0020; 7.2718;0.0073; 6.2870;0.0075

HIP 46897               ;1.380;143.3585462922297;-22.8638845057288;143.35821681789; 0.0625;-22.86365066857; 0.0609;   11.7789; 0.0792; 5.8965;0.0007; 5.9238;0.0022; 5.8884;0.0026

HIP 47307				;13.294;144.5996815058047;+02.6767192945197;144.59823841518; 0.0559;+02.67331960426; 0.0507;   33.4667; 0.0630;11.1786;0.0008;12.1536;0.0014;10.2294;0.0018

HIP 48212               ;1.082;147.4444749863530;+31.0770150033457;147.44475181214; 0.0430;+31.07683039430; 0.0360;   12.0248; 0.0571; 6.7684;0.0004; 6.9028;0.0029; 6.5987;0.0023

HIP 48341               ;0.472;147.8084632067421;-04.2433468510938;147.80851867152; 0.0694;-04.24346575047; 0.0809;   15.3270; 0.1040; 5.9824;0.0009; 6.0756;0.0034; 5.8603;0.0026

HIP 48423               ;3.481;148.0698747036325;+49.1907927228358;148.06847049365; 0.0247;+49.19048799822; 0.0233;   30.1160; 0.0359; 7.5548;0.0004; 7.9353;0.0016; 7.0640;0.0020

HIP 48541               ;0.607;148.4964565250060;+27.6954581176051;148.49626703665; 0.0431;+27.69544143026; 0.0372;    9.0724; 0.0442; 7.5466;0.0004; 7.6461;0.0014; 7.4149;0.0019

HIP 49530               ;0.578;151.6976030449310;+05.6114927504933;151.69745713963; 0.0707;+05.61142408787; 0.0668;    8.0602; 0.0792; 5.9417;0.0008; 6.4331;0.0029; 5.3549;0.0045

HIP 49593               ;0.806;151.8573497735076;+35.2446975343430;151.85761985412; 0.2556;+35.24469777076; 0.2405;   37.0336; 0.2931; 4.3892;0.0037; 4.5625;0.0088; 4.2858;0.0090

HIP 49809               ;2.550;152.5245279650338;-12.8159225957698;152.52398692760; 0.1352;-12.81639536287; 0.1413;   35.9488; 0.1618; 5.1835;0.0029; 5.4148;0.0076; 4.9015;0.0041

HIP 50155               ;2.336;153.5801864159753;+15.0721573973838;153.57991682309; 0.0502;+15.07156295780; 0.0389;   18.2642; 0.0583; 9.1552;0.0003; 9.6189;0.0021; 8.5804;0.0036

HIP 50658               ;0.735;155.1844866644457;-05.3820686610396;155.18428405463; 0.0730;-05.38210022136; 0.0667;    9.7925; 0.0817; 6.9566;0.0005; 7.0496;0.0025; 6.8765;0.0081

HIP 50860               ;0.206;155.7763703259752;+33.9081437459923;155.77630694579; 0.0679;+33.90812107684; 0.0791;   13.1967; 0.1201; 5.8564;0.0007; 5.9476;0.0030; 5.7366;0.0021

HIP 52120               ;0.917;159.7272251804057;+16.1274243103949;159.72747174041; 0.0431;+16.12733085151; 0.0352;   19.3588; 0.0529; 6.4921;0.0005; 6.7371;0.0044; 6.1740;0.0036

HIP 53824               ;0.894;165.1866759582364;+06.1014489768671;165.18644978790; 0.1313;+06.10134395283; 0.1296;   21.3958; 0.1498; 4.9185;0.0029; 5.0515;0.0033; 4.8404;0.0123

HIP 53824               ;0.894;165.1866759582364;+06.1014489768671;165.18644978790; 0.1313;+06.10134395283; 0.1296;   21.3958; 0.1498; 4.9185;0.0029; 5.0515;0.0033; 4.8404;0.0123

HIP 53954               ;0.629;165.5824006077825;+20.1798437214473;165.58235348569; 0.3211;+20.18001023856; 0.3057;   26.3011; 0.3574; 4.3587;0.0038;       ;      ;       ;

HIP 53985               ;2.356;165.6597580263712;+21.9671401332591;165.66042121989; 0.0462;+21.96691643838; 0.0401;   83.7765; 0.0573; 8.8070;0.0008; 9.8465;0.0031; 7.8319;0.0037

HIP 54778               ;2.057;168.2180802112971;+29.5381316078440;168.21863003775; 0.0534;+29.53781932132; 0.0775;    9.4429; 0.0623; 9.2060;0.0003; 9.5230;0.0016; 8.7702;0.0045

HIP 55485               ;0.907;170.4553709987605;+57.0748568078755;170.45490920410; 0.0268;+57.07487873365; 0.0308;   11.5890; 0.0413; 6.3888;0.0003; 6.4859;0.0014; 6.2633;0.0017

HIP 55570               ;0.840;170.7375981512846;-20.6255078350985;170.73735070249; 0.0358;-20.62547857636; 0.0266;    9.0093; 0.0555; 7.4526;0.0003; 7.5593;0.0011; 7.3083;0.0014

HIP 55700               ;0.278;171.1977701631967;-22.8327837524347;171.19769038232; 0.0344;-22.83276058357; 0.0265;   12.2044; 0.0489; 7.3406;0.0004; 7.5022;0.0014; 7.1089;0.0017

HIP 55765               ;2.208;171.4015508141256;+16.4565370376139;171.40091175197; 0.1101;+16.45651273184; 0.1060;   21.1874; 0.1330; 5.4628;0.0014; 5.7247;0.0098; 5.1592;0.0067

HIP 56238				;9.075;172.9308030505730;+22.6671396824688;172.92807537791; 0.0457;+22.66728116277; 0.0382;   63.1910; 0.0507; 9.4666;0.0010;10.5406;0.0029; 8.4721;0.0015

HIP 57802				;5.775;177.7805689776975;+35.2720135646044;177.77912839405; 0.0322;+35.27310444670; 0.0240;  114.1376; 0.0390; 8.8485;0.0006; 9.9855;0.0025; 7.8206;0.0024

HIP 58321				;11.212;179.3866771499776;+11.8277438230679;179.38367531811; 0.0668;+11.82877691210; 0.0385;   39.5898; 0.1050;10.8866;0.0010;12.0787;0.0018; 9.8462;0.0011

HIP 58369               ;1.938;179.5298909265005;+32.2739083831236;179.52933827675; 0.0451;+32.27364079413; 0.0285;   21.0178; 0.0512; 6.3396;0.0007; 6.5347;0.0036; 6.0785;0.0044

HIP 58851               ;1.909;181.0535542852340;+01.4620377812174;181.05303551559; 0.0584;+01.46192749337; 0.0342;    8.2965; 0.0858; 7.6334;0.0003; 7.7488;0.0012; 7.4719;0.0014

HIP 59394               ;1.081;182.7659994769344;-23.6024228145312;182.76568536115; 0.1549;-23.60250817836; 0.1987;   17.0039; 0.1918; 5.4193;0.0013; 5.4700;0.0014; 5.4122;0.0026

HIP 59422               ;1.853;182.8408253615290;-03.7788708593153;182.84038675517; 0.0768;-03.77914159804; 0.0543;   20.7261; 0.0861; 6.8430;0.0002; 7.0819;0.0009; 6.5072;0.0012

HIP 59422               ;1.853;182.8408253615290;-03.7788708593153;182.84038675517; 0.0768;-03.77914159804; 0.0543;   20.7261; 0.0861; 6.8430;0.0002; 7.0819;0.0009; 6.5072;0.0012

HIP 59445               ;1.046;182.8936919417041;+36.0962498170208;182.89397728917; 0.0861;+36.09607316040; 0.0816;    9.2720; 0.1168; 9.5249;0.0003; 9.8855;0.0014; 9.0397;0.0022

HIP 59608               ;1.446;183.3580786115022;+10.2623415833621;183.35767234049; 0.1215;+10.26230375688; 0.0725;   19.5001; 0.1585; 5.7891;0.0007; 5.9321;0.0015; 5.5936;0.0014

HIP 59608               ;1.446;183.3580786115022;+10.2623415833621;183.35767234049; 0.1215;+10.26230375688; 0.0725;   19.5001; 0.1585; 5.7891;0.0007; 5.9321;0.0015; 5.5936;0.0014

HIP 59893               ;3.747;184.2621717173487;-04.2508410309665;184.26121718350; 0.1037;-04.25126205264; 0.0823;   13.1518; 0.1226; 9.8348;0.0002;10.3044;0.0007; 9.2381;0.0010

HIP 60074               ;3.565;184.7770925915001;+16.5482974198406;184.77630654709; 0.0335;+16.54765493768; 0.0244;   36.4017; 0.0418; 6.8842;0.0005; 7.2264;0.0022; 6.4304;0.0032

HIP 60303				;8.447;185.4753084581784;+42.1338874248983;185.47632124080; 0.0236;+42.13166444732; 0.0222;   62.6959; 0.0354; 8.7475;0.0005; 9.5968;0.0011; 7.8744;0.0014

HIP 61094				;12.729;187.8158382942112;+08.8106082450032;187.81308266062; 0.4339;+08.80835319624; 0.1940;   73.7640; 0.4146; 8.9508;0.0006; 9.9302;0.0028; 8.0000;0.0028

HIP 61240               ;1.543;188.2453401698418;-00.2734648003641;188.24498257782; 0.0418;-00.27322866948; 0.0300;    9.6539; 0.0532; 8.2085;0.0003; 8.4325;0.0010; 7.8736;0.0011

HIP 61558               ;0.540;189.1973104766508;-05.8319002113600;189.19718805531; 0.0880;-05.83198786625; 0.0649;   13.9962; 0.0903; 5.8532;0.0004; 5.9002;0.0016; 5.8132;0.0010

HIP 62492               ;1.210;192.0917532323878;+30.7671763430799;192.09137969728; 0.0358;+30.76727641965; 0.0286;   14.2968; 0.0499; 7.9044;0.0003; 8.1636;0.0013; 7.5342;0.0014

HIP 62492               ;1.210;192.0917532323878;+30.7671763430799;192.09137969728; 0.0358;+30.76727641965; 0.0286;   14.2968; 0.0499; 7.9044;0.0003; 8.1636;0.0013; 7.5342;0.0014

HIP 62576               ;1.500;192.3227139904895;+27.5523798110522;192.32225559475; 0.0753;+27.55247167533; 0.0599;   11.8148; 0.1017; 5.7394;0.0008; 5.7756;0.0025; 5.7227;0.0073

HIP 62687				;6.172;192.6815283613979;-00.7681297494329;192.68139980938; 0.0454;-00.76983927402; 0.0286;   93.8820; 0.0508; 7.8200;0.0005; 8.7222;0.0011; 6.9106;0.0014

HIP 63286               ;1.903;194.5408521391881;-23.0551418674592;194.54028004809; 0.0349;-23.05519009836; 0.0316;   16.7595; 0.0419; 6.8557;0.0004; 7.0547;0.0015; 6.5800;0.0023

HIP 63584               ;2.716;195.4455301244118;+63.6102210466902;195.44384958196; 0.0365;+63.61032798803; 0.0288;   27.6107; 0.0428; 5.9011;0.0005; 6.1373;0.0023; 5.5877;0.0034

HIP 63742               ;4.595;195.9568905195501;-05.1618299360471;195.95606995140; 0.7378;-05.16278731492; 0.6929;   48.8829; 0.8872; 7.4112;0.0007; 7.8931;0.0027; 6.8122;0.0034

HIP 65011				;13.413;199.8899793326124;+35.1101561654553;199.89201515076; 0.1916;+35.10682316688; 0.2031;   74.6102; 0.2946; 8.6898;0.0006; 9.7429;0.0014; 7.6951;0.0010

HIP 65135               ;2.414;200.2125738113472;+43.9901903066387;200.21165521004; 0.2375;+43.99030392581; 0.2171;   23.4907; 0.3057; 6.3939;0.0002; 6.6344;0.0011; 6.0561;0.0014

HIP 65678               ;1.624;201.9984552211017;+52.7455892866498;201.99772704463; 0.0263;+52.74549319040; 0.0232;    9.8355; 0.0330; 6.2778;0.0004; 6.4292;0.0021; 6.0643;0.0039

HIP 65728               ;1.342;202.1128632456876;+59.9457862596558;202.11218196822; 0.0915;+59.94593635624; 0.0797;   13.6719; 0.1102; 5.4397;0.0013; 5.4664;0.0017; 5.4627;0.0030

HIP 66459				;5.041;204.3698691881367;+35.7177624393468;204.37156539818; 0.0235;+35.71750974256; 0.0220;   91.2519; 0.0353; 8.3568;0.0004; 9.2557;0.0011; 7.4486;0.0010

HIP 66625				;6.067;204.8504269660400;+46.1864901120849;204.85016286579; 0.0174;+46.18816533309; 0.0185;   74.8051; 0.0257; 9.4018;0.0004;10.4803;0.0014; 8.3941;0.0008

HIP 66704               ;2.150;205.0968014941931;+50.5194156019607;205.09595010249; 0.0246;+50.51966776843; 0.0259;   39.2353; 0.0354; 6.1794;0.0005; 6.4779;0.0021; 5.7809;0.0019

HIP 66837               ;0.862;205.4699099495862;-18.9848465499200;205.46966074356; 0.0471;-18.98488825291; 0.0360;   12.3200; 0.0485; 7.4655;0.0004; 7.6611;0.0025; 7.1965;0.0035

HIP 67005               ;0.297;205.9782429220717;+52.0644132858334;205.97811406403; 0.0416;+52.06438990298; 0.0404;   10.7091; 0.0513; 6.0094;0.0005; 6.0287;0.0020; 6.0183;0.0023

HIP 67495               ;0.811;207.4683275634073;+13.1919486497176;207.46811445239; 0.0645;+13.19203622579; 0.0499;    9.5055; 0.0848; 6.6207;0.0004; 6.7309;0.0017; 6.4775;0.0022

HIP 67581               ;0.252;207.7156722598544;+42.1551947169148;207.71570973586; 0.0210;+42.15525910884; 0.0216;    8.1349; 0.0309; 7.6227;0.0003; 7.7189;0.0010; 7.5013;0.0017

HIP 67596               ;0.528;207.7688882792731;+34.7725172076430;207.76906152824; 0.0285;+34.77248190724; 0.0283;   10.8695; 0.0436; 6.6101;0.0003; 6.6829;0.0012; 6.5353;0.0017

HIP 67782               ;1.948;208.2928406868498;+28.6481321351047;208.29224040735; 0.0323;+28.64825603198; 0.0294;   13.5662; 0.0444; 5.8711;0.0005; 5.9836;0.0016; 5.7320;0.0039

HIP 68064               ;1.507;209.0396575633320;+25.9187096360324;209.03919319901; 0.0224;+25.91868309534; 0.0266;    9.3114; 0.0381; 6.6756;0.0003; 6.8945;0.0010; 6.3672;0.0015

HIP 68139               ;3.193;209.2623192612730;+24.9167296984793;209.26260497562; 0.0240;+24.91588153490; 0.0248;   11.1451; 0.0410; 9.7081;0.0002;10.0594;0.0006; 9.2213;0.0007

HIP 69758               ;0.653;214.1507872027901;-07.4667668455935;214.15060419452; 0.1900;-07.46676610167; 0.1809;    8.8914; 0.2211; 7.8212;0.0005; 7.9655;0.0030; 7.6201;0.0010

HIP 69860               ;2.887;214.4493376104435;+21.4337778989465;214.44902193987; 0.1121;+21.43303166949; 0.1220;   24.7256; 0.1707;10.8150;0.0006;11.8543;0.0017; 9.8312;0.0010

HIP 70536				;21.263;216.4443841278480;+23.6204751105861;216.44811293295; 0.0322;+23.61565719517; 0.0493;   61.2029; 0.0543; 9.1998;0.0005;10.2285;0.0016; 8.2228;0.0015

HIP 70553               ;0.695;216.4828269391492;+00.9927101288772;216.48268357106; 0.0748;+00.99258100898; 0.0929;    7.5682; 0.0871; 7.0715;0.0020; 7.0972;0.0075; 7.0739;0.0068

HIP 70894               ;0.248;217.4604916382831;+00.8289288965625;217.46055036699; 0.0851;+00.82896505499; 0.0688;   13.3394; 0.1061; 5.9274;0.0008; 6.0284;0.0035; 5.8062;0.0027

HIP 70956				;14.164;217.7025998517445;-08.6475951327825;217.70258228743; 0.9034;-08.64761507236; 0.6214;    1.4017; 0.8734;20.4252;0.0115;20.7427;0.1479;19.6878;0.1353

HIP 71718               ;1.476;220.0440154152052;+57.7131799229755;220.04325271187; 0.0263;+57.71322559678; 0.0265;   19.4955; 0.0316; 7.7398;0.0003; 8.0350;0.0024; 7.3410;0.0020

HIP 71957				;5.187;220.7650757150229;-05.6582201081387;220.76557569375; 0.4390;-05.65956270753; 0.3836;   54.7934; 0.5097; 3.6671;0.0052; 3.9960;0.0033; 3.4335;0.0024

HIP 72408               ;0.944;222.0864053788536;+21.3186043617902;222.08613981177; 0.0460;+21.31851717620; 0.0376;   12.1720; 0.0469; 7.7996;0.0004; 8.0167;0.0007; 7.4942;0.0039

HIP 72552               ;0.282;222.4933277658920;+28.6158318584866;222.49341684780; 0.0478;+28.61582869593; 0.0565;    9.7211; 0.0853; 5.7639;0.0009; 5.8131;0.0015; 5.7193;0.0019

HIP 73730               ;0.214;226.0733938437010;+59.5350536995342;226.07327668281; 0.0286;+59.53505318966; 0.0250;    9.0545; 0.0296; 7.3633;0.0002; 7.4717;0.0012; 7.2278;0.0020

HIP 73765               ;0.582;226.1813345827448;+38.6052282531332;226.18124902076; 0.0183;+38.60537529567; 0.0193;   19.8479; 0.0244; 7.3634;0.0003; 7.6391;0.0017; 6.9825;0.0017

HIP 73786				;12.262;226.2230258125757;+05.6381001423014;226.22039676745; 0.0451;+05.63591937568; 0.0551;   52.5873; 0.0668; 9.2357;0.0006;10.0602;0.0018; 8.3736;0.0017

HIP 74359               ;0.653;227.9487641014220;+10.2165758829634;227.94860631968; 0.0584;+10.21666947857; 0.0506;    9.0977; 0.0645; 6.8695;0.0004; 6.9106;0.0030; 6.8549;0.0045

HIP 74553               ;1.313;228.4967497818253;+43.0480849468265;228.49632516212; 0.0486;+43.04827685432; 0.0503;    9.5186; 0.0603; 6.6089;0.0004; 6.7358;0.0017; 6.4428;0.0025

HIP 74596               ;1.170;228.6214956894875;+29.1642952748318;228.62115208386; 0.0515;+29.16441987658; 0.0774;   13.0060; 0.1089; 5.2484;0.0010; 5.2980;0.0008; 5.2187;0.0021

HIP 75158               ;2.652;230.3864207503169;-06.8266030673393;230.38568969944; 0.0508;-06.82672847669; 0.0574;   14.9100; 0.0765; 7.3319;0.0003; 7.5960;0.0022; 6.9689;0.0040

HIP 75848               ;1.063;232.3947591844469;-17.4409377153574;232.39445141157; 0.0507;-17.44090657687; 0.0509;   12.4834; 0.0622; 6.6423;0.0003; 6.8023;0.0010; 6.4336;0.0021

HIP 78010               ;1.377;238.9423829028104;-15.1592910326360;238.94269349069; 0.0422;-15.15952862929; 0.0250;   16.1212; 0.0463; 7.6371;0.0002; 7.9225;0.0011; 7.2339;0.0013

HIP 78286               ;0.917;239.7683171353474;+49.8810440150165;239.76846046129; 0.0300;+49.88080666663; 0.0288;   20.4825; 0.0317; 5.9638;0.0004; 6.1359;0.0027; 5.7293;0.0025

HIP 79677               ;0.801;243.9260973494827;+35.6409709620968;243.92582667606; 0.0229;+35.64100484671; 0.0261;   15.4667; 0.0289; 8.0708;0.0005; 8.3500;0.0014; 7.6709;0.0019

HIP 79796				;6.876;244.2722491226573;+55.2691140588510;244.27296373172; 0.1948;+55.26724796888; 0.2220;   49.3521; 0.2170; 9.0597;0.0009;10.1979;0.0031; 8.0256;0.0018

HIP 80427               ;0.307;246.2510965543888;+51.7166113370071;246.25108875019; 0.0264;+51.71669637526; 0.0245;    8.4849; 0.0261; 7.3029;0.0003; 7.4310;0.0018; 7.1378;0.0020

HIP 81393               ;1.359;249.3462595049585;-17.4603592829353;249.34657120694; 0.0303;-17.46059207149; 0.0160;    7.7510; 0.0354; 9.4666;0.0003; 9.9557;0.0007; 8.8396;0.0008

HIP 81400               ;0.556;249.3746510163223;-11.8698561148295;249.37454486023; 0.0379;-11.86997026645; 0.0224;    9.3677; 0.0450; 8.1626;0.0002; 8.5020;0.0005; 7.6885;0.0006

HIP 81560               ;0.496;249.8586305694607;+29.2182265128056;249.85861813538; 0.0228;+29.21836396405; 0.0242;   10.6440; 0.0307; 7.2173;0.0003; 7.3250;0.0018; 7.0751;0.0023

HIP 81572               ;0.328;249.8966873333663;-07.5123125964930;249.89659738701; 0.0397;-07.51233171142; 0.0246;   10.3346; 0.0488; 7.3509;0.0003; 7.5761;0.0012; 7.0286;0.0011

HIP 81800               ;2.667;250.6158861104163;+49.9364392441120;250.61677870625; 0.0220;+49.93597166030; 0.0202;   34.0888; 0.0235; 6.3246;0.0003; 6.6279;0.0020; 5.9152;0.0035

HIP 81812               ;0.610;250.6475462332215;-11.1746414064582;250.64741205363; 0.0438;-11.17474825407; 0.0267;    9.6483; 0.0507; 7.3209;0.0002; 7.4580;0.0007; 7.1217;0.0012

HIP 81971               ;0.686;251.1767102099576;+02.3328558303132;251.17659594026; 0.0394;+02.33270312353; 0.0285;    9.1368; 0.0482; 7.4291;0.0003; 7.5351;0.0011; 7.2916;0.0016

HIP 82587               ;1.437;253.2419076718741;+31.7016707867453;253.24144663683; 0.0678;+31.70159687817; 0.0765;   33.7026; 0.0878; 5.2368;0.0016; 5.4328;0.0020; 4.9981;0.0027

HIP 83478               ;0.615;255.9137583333749;+13.6053483471812;255.91366361437; 0.0575;+13.60520431225; 0.0651;   12.0839; 0.0899; 5.9021;0.0007; 5.9172;0.0020; 5.9179;0.0018

HIP 83494               ;0.956;255.9732407144777;+34.7902228521538;255.97291869635; 0.0403;+34.79019756671; 0.0405;   17.9982; 0.0464; 6.0424;0.0005; 6.1619;0.0024; 5.8935;0.0025

HIP 83796               ;0.782;256.8779078516728;+03.9732230265730;256.87773520487; 0.0453;+03.97335557318; 0.0390;   10.7808; 0.0572; 7.9113;0.0002; 8.1596;0.0006; 7.5504;0.0008

HIP 85157               ;0.895;261.0274463221886;+22.9602817502395;261.02724281956; 0.0383;+22.96011848539; 0.0496;   23.3936; 0.0662; 5.6552;0.0009; 5.7814;0.0017; 5.4827;0.0015

HIP 85224               ;0.488;261.2176664720502;-18.8592191765979;261.21764876237; 0.0549;-18.85935372204; 0.0445;    9.9496; 0.0596; 8.3641;0.0003; 8.6253;0.0012; 7.9882;0.0022

HIP 85665               ;3.890;262.5947008206899;+05.5485177233949;262.59482988408; 0.0303;+05.54744473784; 0.0293;   98.8491; 0.0403; 8.5297;0.0008; 9.5479;0.0009; 7.5564;0.0016

HIP 87558               ;2.238;268.3091059529448;+06.1014213170400;268.30855686760; 0.1362;+06.10171835755; 0.1465;   32.4661; 0.1780; 5.6502;0.0017; 5.8977;0.0028; 5.3226;0.0067

HIP 88349               ;0.432;270.6280875362079;+58.6272659488391;270.62797952963; 0.0294;+58.62737192308; 0.0339;   10.8333; 0.0292; 6.8342;0.0004; 6.9153;0.0018; 6.7515;0.0032

HIP 88924               ;4.696;272.2779393461461;-09.4477294668373;272.27750099291; 0.0515;-09.44896018285; 0.0516;   18.5778; 0.0594; 9.6690;0.0003;10.1782;0.0022; 9.0543;0.0040

HIP 89728               ;1.055;274.6694945626264;-06.7010329676188;274.66920295269; 0.0455;-06.70107717381; 0.0475;   33.5601; 0.0554; 8.9123;0.0007; 9.5058;0.0025; 8.2249;0.0027

HIP 89925               ;0.829;275.2373757688044;+29.8589223362940;275.23738266112; 0.0550;+29.85915253127; 0.0641;   18.0001; 0.0715; 5.5496;0.0012; 5.6896;0.0017; 5.3546;0.0054

HIP 90174               ;0.787;276.0149498686654;-03.5831582280894;276.01487359973; 0.0543;-03.58336313160; 0.0545;   16.3582; 0.0575; 6.2660;0.0005; 6.4636;0.0022; 5.9845;0.0022

HIP 92346               ;0.152;282.3095304565530;+25.0465664305811;282.30949665092; 0.0270;+25.04653755576; 0.0368;   10.2900; 0.0435; 6.7211;0.0003; 6.7807;0.0014; 6.6666;0.0013

HIP 93528               ;2.901;285.7359498916070;+23.3706165241516;285.73551288024; 0.0159;+23.36991772483; 0.0214;   13.5198; 0.0285; 8.8020;0.0001; 9.1799;0.0007; 8.2967;0.0009

HIP 93843               ;1.767;286.6572262403321;+28.6285928172991;286.65759738172; 0.0639;+28.62896004139; 0.0677;   24.3974; 0.0867; 5.4411;0.0016; 5.6126;0.0014; 5.2159;0.0047

HIP 94140               ;0.455;287.4408566563609;+65.9785148485342;287.44089310871; 0.0470;+65.97864041636; 0.0534;    9.6372; 0.0499; 6.2422;0.0003; 6.2631;0.0010; 6.2625;0.0021

HIP 95560               ;0.542;291.5551927540398;+20.0977331659090;291.55520831958; 0.0549;+20.09758338915; 0.0694;   13.8921; 0.0900; 5.5829;0.0009; 5.5921;0.0009; 5.6175;0.0031

HIP 96440               ;0.398;294.1086491347987;-18.8529229078813;294.10875045267; 0.0544;-18.85297782533; 0.0477;   12.6714; 0.0581; 6.0641;0.0007; 6.2216;0.0027; 5.8464;0.0022

HIP 96718               ;0.678;294.9175723434366;-06.7086532306396;294.91766193896; 0.0479;-06.70881934687; 0.0329;    8.7092; 0.0500; 7.5341;0.0005; 7.6906;0.0023; 7.3129;0.0034

HIP 97028               ;0.088;295.7899906763191;+30.6778897228825;295.79000726536; 0.0326;+30.67790965243; 0.0406;    9.1984; 0.0471; 6.0637;0.0006; 6.0802;0.0024; 6.0807;0.0025

HIP 97229               ;0.829;296.4164471647739;+07.6131562873701;296.41667952464; 0.0714;+07.61315637999; 0.0571;   18.6614; 0.0975; 5.8475;0.0010; 5.9503;0.0021; 5.7090;0.0025

HIP 97509               ;3.660;297.2856907024994;+27.7316928174757;297.28614657786; 0.0193;+27.73075972653; 0.0261;   19.9418; 0.0310; 6.8075;0.0002; 7.1283;0.0012; 6.3750;0.0020

HIP 97640               ;2.802;297.6696286841319;+34.9500282237924;297.66960232331; 0.0418;+34.95001528677; 0.0485;    0.3415; 0.0552;16.1797;0.0015;16.7740;0.0266;15.1883;0.0164

HIP 99542				;5.701;303.0236198297899;+46.3005015822556;303.02501430424; 0.0238;+46.30175852981; 0.0272;   24.7353; 0.0294; 8.8374;0.0002; 9.2856;0.0013; 8.2614;0.0009

HIP 99892               ;0.800;304.0116210073101;-16.2956858974308;304.01169352642; 0.0386;-16.29589681232; 0.0248;   12.2521; 0.0455; 7.2749;0.0002; 7.4117;0.0009; 7.0728;0.0012

HIP 101070              ;0.299;307.3380991582293;+20.0876985926209;307.33801535649; 0.0303;+20.08767244637; 0.0356;   14.3173; 0.0380; 6.5173;0.0003; 6.6511;0.0020; 6.3420;0.0041

HIP 101614              ;3.780;308.9107764743983;+36.4749115753286;308.91023753773; 0.0247;+36.47395506160; 0.0311;   15.4680; 0.0364; 8.0935;0.0003; 8.4313;0.0016; 7.6373;0.0008

HIP 101800              ;0.616;309.4546653387505;+11.3776726105734;309.45483642712; 0.1180;+11.37763823666; 0.1045;   16.8164; 0.1389; 5.4048;0.0015; 5.4450;0.0016; 5.3977;0.0017

HIP 102218              ;0.576;310.6692401055778;-10.9697343246053;310.66939807651; 0.0465;-10.96977347139; 0.0296;   15.6060; 0.0614; 7.6241;0.0002; 7.8728;0.0007; 7.2650;0.0013

HIP 102419              ;1.172;311.3124108155008;-15.7982557432578;311.31274798862; 0.0436;-15.79822740491; 0.0281;   15.9358; 0.0493; 6.8853;0.0002; 7.0771;0.0006; 6.6056;0.0009

HIP 102655              ;0.678;312.0448749189918;-06.0227920293686;312.04505585765; 0.0420;-06.02284772536; 0.0263;   18.5943; 0.0521; 8.2869;0.0003; 8.6188;0.0013; 7.8290;0.0014

HIP 102843              ;2.806;312.5205470575318;+44.0593017264404;312.52128669751; 0.1206;+44.05987186965; 0.1257;   24.1034; 0.1344; 4.9836;0.0019; 5.1298;0.0021; 4.8689;0.0049

HIP 102880              ;0.301;312.6606958980562;+22.7303950442277;312.66078632993; 0.0288;+22.73040204139; 0.0337;    8.0909; 0.0369; 7.5776;0.0004; 7.6774;0.0017; 7.4439;0.0020

HIP 104430              ;1.017;317.3169796936525;-00.2349400733771;317.31697969365; 0.0517;-00.23494007338; 0.0415;          ;       ; 6.6174;0.0004; 6.7179;0.0020; 6.4896;0.0027

HIP 106783              ;0.920;324.4318567505989;+06.6183903838266;324.43211383073; 0.0925;+06.61838238574; 0.0848;   11.3254; 0.0966; 6.1716;0.0009; 6.1983;0.0017; 6.1636;0.0025

HIP 107585              ;0.586;326.8533836353002;-04.6086453080096;326.85353889994; 0.1244;-04.60869604049; 0.0773;   10.4901; 0.1502; 6.8229;0.0005; 6.8743;0.0019; 6.7892;0.0024

HIP 107596              ;1.042;326.9093274388781;-05.9167884135552;326.90961154709; 0.0834;-05.91672579921; 0.0850;   14.3120; 0.0980; 6.1160;0.0009; 6.2513;0.0028; 5.9354;0.0027

HIP 107919              ;1.239;327.9662908712838;+11.0912577723956;327.96662296974; 0.0393;+11.09136879430; 0.0422;   14.4803; 0.0474; 6.5933;0.0004; 6.7431;0.0032; 6.3897;0.0041

HIP 110739              ;0.395;336.5283964050734;-05.1778982130132;336.52850248586; 0.0419;-05.17792773976; 0.0438;   12.2339; 0.0479; 7.2164;0.0004; 7.3878;0.0015; 6.9788;0.0035

HIP 110785              ;2.820;336.6562618158251;+04.3932211586357;336.65626181583; 0.0364;+04.39322115864; 0.0463;          ;       ;10.9764;0.0013;11.3861;0.0433; 9.9120;0.0369

HIP 110786              ;0.578;336.6736094249354;-11.2282013238303;336.67376446118; 0.0819;-11.22825250109; 0.0484;   13.3547; 0.1040; 6.9081;0.0005; 7.0634;0.0019; 6.7049;0.0024

HIP 113195              ;0.594;343.8538455292309;+70.2972839876196;343.85433499592; 0.0236;+70.29728983223; 0.0225;   11.5847; 0.0256; 7.3968;0.0002; 7.5728;0.0012; 7.1515;0.0018

HIP 114031              ;0.296;346.3876757954918;+14.9590602022657;346.38775019287; 0.0576;+14.95902012143; 0.0461;    8.7312; 0.0686; 6.7603;0.0005; 6.7847;0.0021; 6.7914;0.0027

HIP 114224              ;0.537;346.9800946501500;+31.4588269167796;346.98021893433; 0.0453;+31.45872202616; 0.0397;    8.3853; 0.0665; 7.4284;0.0003; 7.5075;0.0011; 7.3347;0.0011

HIP 115162              ;1.580;349.9148399995385;+42.2527315932147;349.91529263593; 0.0261;+42.25244788023; 0.0228;   19.4887; 0.0396; 8.7447;0.0009; 9.1382;0.0029; 8.2337;0.0019

HIP 115738              ;2.006;351.7331491368608;+01.2556039787436;351.73352430669; 0.1802;+01.25519184582; 0.1525;   20.4415; 0.2161; 4.8707;0.0028; 4.9456;0.0023; 4.9137;0.0082

HIP 115806              ;0.712;351.9182740153650;+25.1672790622635;351.91840464567; 0.0688;+25.16712045087; 0.0578;    8.6458; 0.1007; 5.9635;0.0007; 5.9543;0.0029; 6.0298;0.0025

HIP 117122              ;0.771;356.1619018625249;-08.8487918314296;356.16211844424; 0.0605;-08.84879527474; 0.0471;   10.3532; 0.0759; 7.9495;0.0003; 8.2095;0.0022; 7.5814;0.0025

HIP 117481              ;1.406;357.3313586133995;-27.8542578118409;357.33099322943; 0.0361;-27.85447740165; 0.0329;   28.2570; 0.0419; 6.8155;0.0006; 7.0987;0.0024; 6.4329;0.0034

HIP 117915				;7.921;358.7687510098311;+28.6351462937991;358.76875100983; 3.4143;+28.63514629380; 6.8770;          ;       ;17.4970;0.0102;       ;      ;       ;

HIP 117960              ;3.586;358.9001369289464;+00.6958352048051;358.90113318791; 0.5136;+00.69583673104; 0.4363;   18.1569; 0.6373; 9.0409;0.0002; 9.4830;0.0007; 8.4757;0.0008

HIP 118133              ;0.299;359.4425453000896;+11.4743758857499;359.44261848067; 0.0424;+11.47433385090; 0.0262;    9.2830; 0.0606; 6.6368;0.0003; 6.6648;0.0009; 6.6364;0.0011

2M00080642+4757025		;		;				;					;			;			;			;		;			;		;		;		;		;		;		;		

BD+45 598               ;0.987;035.3045122792338;+46.0019914096208;035.30478529823; 0.0566;+46.00179343174; 0.0331;   13.6206; 0.0574; 8.7338;0.0011; 9.1656;0.0037; 8.1748;0.0036

G 34-23					;		;				;					;			;			;			;		;			;		;		;		;		;		;		;				

GJ 4185                 ;3.194;319.0242200244865;+29.8642096528003;319.02523588810; 0.1941;+29.86431368492; 0.2160;   49.2145; 0.2439;11.3725;0.0026;12.9924;0.0030;10.2011;0.0018

HD 001404               ;1.206;004.5819068199827;+36.7852306469642;004.58155546517; 0.4772;+36.78504269016; 0.3879;   23.7944; 0.5952; 4.5095;0.0153; 4.5342;0.0030; 4.4311;0.0112

HD 225200               ;0.446;001.0846553906281;-29.2688233161899;001.08479653197; 0.0797;-29.26880860752; 0.0419;    7.4367; 0.0838; 6.3558;0.0003; 6.3840;0.0010; 6.3385;0.0039

HD 38207                ;0.245;085.8373177657609;-20.1892886732257;085.83738695311; 0.0253;-20.18930869958; 0.0397;    9.0115; 0.0414; 8.3585;0.0004; 8.5766;0.0010; 8.0403;0.0010

HD 76223                ;0.073;133.6525478144697;-07.3724051211121;133.65254538832; 0.0409;-07.37242519332; 0.0325;    1.6034; 0.0533; 8.1704;0.0004; 8.8434;0.0013; 7.4176;0.0019

HD35841                 ;0.304;081.6524455294162;-22.4899259886289;081.65253506547; 0.0137;-22.48994361421; 0.0212;    9.6454; 0.0282; 8.8015;0.0002; 9.0549;0.0009; 8.4321;0.0010

TYC 2838-2350-1         ;0.022;034.3253433754043;+41.9180479176361;034.32534347700; 0.1257;+41.91804191219; 0.0896;    0.0310; 0.1398;11.3516;0.0132;14.6976;0.0870; 9.8012;0.0432